country,1899,1900,1901,1902,1903,1904,1905,1906,1907,1908,1909,1910,1911,1912,1913,1914,1915,1916,1917,1918,1919,1920,1921,1922,1923,1924,1925,1926,1927,1928,1929,1930,1931,1932,1933,1934,1935,1936,1937,1938,1939,1940,1941,1942,1943,1944,1945,1946,1947,1948,1949,1950,1951,1952,1953,1954,1955,1956,1957,1958,1959,1960,1961,1962,1963,1964,1965,1966,1967,1968,1969,1970,1971,1972,1973,1974,1975,1976,1977,1978,1979,1980,1981,1982,1983,1984,1985,1986,1987,1988,1989,1990,1991,1992,1993,1994,1995,1996,1997,1998,1999,2000,2001,2002,2003,2004,2005,2006,2007,2008,2009,2010,2011,2012,2013,2014,2015,2016,2017,2018,2019,2020,2021
Afghanistan,,,,,,,,,,,,,,,,,,,,,,,,,,,,,,,,,,,,,,,,,,,,,,,,,,,,,,,2000,0,151,0,0,0,0,0,0,107,74,0,0,0,0,0,0,100,161,0,0,0,101,0,120,0,0,0,500,12,1,0,0,70,0,61,246,1500,614,301,160,381,130,229,7350,205,634,507,4180,150,97,771,408,336,1350,140,520,159,429,228,575,481,192,241,189,211,328,396,28
Angola,,,,,,,,,,,,,,,,,,,,,,,,,,,,,,,,,,,,,,,,,,,,,,,,,,,,,,,,,,,,,,,,,,,,,,,,,,,,,,,,,,0,0,126,0,0,0,59,26,766,70,58,27,0,300,367,0,0,129,216,294,360,58,40,447,20,2440,625,421,210,25,147,16,25,26,459,113,11,27,71,33,22,
Albania,,,,,,120,0,0,0,0,0,0,0,0,0,0,0,0,0,0,200,0,0,0,0,0,0,0,0,0,60,90,0,0,0,0,0,0,0,0,0,0,43,0,0,0,0,0,0,0,0,0,0,0,0,0,0,0,0,0,0,0,15,0,0,0,0,11,0,0,0,0,0,0,0,0,0,0,0,35,0,0,1,0,0,125,0,0,0,0,0,60,11,0,0,4,7,0,0,0,0,0,7,0,18,5,0,0,38,0,14,0,18,0,0,1,2,7,0,51,0,0,
United Arab Emirates,,,,,,,,,,,,,,,,,,,,,,,,,,,,,,,,,,,,,,,,,,,,,,,,,,,,,,,,,,,,,,,,,,,,,,,41,0,0,0,0,0,0,0,0,0,0,0,0,112,0,0,0,0,0,0,0,0,0,0,0,0,0,85,0,12,0,14,29,0,43,0,0,0,11,0,11,0,0,22,15,10,0,0,,,,,
Argentina,,,,,,,,,,,,,,,,,,,,,400,0,0,0,0,0,0,0,0,0,0,0,0,0,0,0,0,0,0,0,0,0,0,0,10k,0,0,0,0,0,0,0,0,0,0,0,0,0,360,0,0,0,0,0,0,45,62,56,73,0,61,0,100,60,100,20,0,70,58,0,41,45,0,0,30,122,4,1,47,0,76,0,136,98,24,72,0,0,19,94,48,65,58,52,213,54,12,19,31,29,57,48,107,92,56,72,0,77,2,14,3,15,
Armenia,,,,,,,,,,,,,,,,,,,,,,,,,,,,,,,,2890,0,0,0,0,0,0,0,0,0,0,0,0,0,0,0,0,0,0,0,0,0,0,0,0,0,0,0,0,0,0,0,0,0,0,0,0,0,0,0,0,0,0,0,0,0,0,0,0,0,0,0,0,0,0,0,0,0,0,0,0,21,65,5,0,0,4,11,0,0,0,0,0,1,0,0,0,0,0,0,0,0,0,0,0,0,0,0,0,0,,
Antigua and Barbuda,,,,,,,,,,,,,,,,,,,,,,,,,,,,,,,,,,,,,,,,,,,,,,,,,,,2,0,0,0,0,0,0,0,0,0,2,0,0,0,0,0,0,0,0,0,0,0,0,0,0,0,0,0,0,0,0,0,0,0,0,0,0,0,0,2,0,0,0,0,0,2,0,0,2,2,0,0,0,0,0,0,0,0,0,0,0,0,0,0,0,0,0,1,,,,,
Australia,,,,,,,,,,,,,,,,,,,,,,,,,,,,,,,,,,,11,0,0,0,18,71,10,0,27,0,49,0,0,0,0,0,0,0,0,0,0,70,0,0,0,0,0,0,0,0,0,0,0,662,12,0,13,30,0,12,90,13,0,86,12,15,0,21,1,75,36,38,15,0,17,98,84,39,2,18,59,9,48,21,20,20,182,6,2,6,6,31,4,22,8,560,84,11,79,22,141,16,8,12,0,35,1,7,
Austria,,,,,,,,,,,,,,,,,,,,,,,,,,,,,,,,,,,,,,,,,,,,,,,,,,,,,28,0,210,0,0,0,0,0,0,0,0,0,0,0,0,0,0,0,0,0,0,0,0,15,0,0,0,0,0,0,12,0,42,12,0,0,0,11,3,18,0,0,0,6,0,3,11,83,168,0,12,345,0,4,0,5,16,3,0,0,5,4,0,70,0,5,0,12,0,1,
Azerbaijan,,,86,0,0,0,0,0,0,0,0,0,0,0,0,0,0,0,0,0,0,0,0,0,0,0,0,0,0,0,0,0,0,0,0,0,0,0,0,0,0,0,0,0,0,0,0,0,0,0,0,0,0,0,0,0,0,0,0,0,0,0,0,0,0,0,0,0,0,0,0,0,0,0,0,0,0,0,0,0,0,0,0,0,0,0,0,0,0,0,0,0,59,0,32,391,0,77,1,1,52,0,42,0,0,23,0,25,0,0,3,0,5,0,0,44,0,0,25,0,0,14,
Burundi,,,,,,,,,,,,,,,,,,,,,,,,,,,,,,,,,,,,,,,,,,,,,,,,,,,,,,,,,,,,,,,,,,,,,,,,,,,,,,,54,0,0,0,0,0,0,0,0,0,0,112,0,0,220,0,0,0,0,21,0,86,308,12,128,166,3,168,22,17,9,44,9,24,0,0,96,63,41,6,0,61,5,38,
Belgium,,18,0,0,15,16,6,0,18,0,0,0,0,0,0,0,0,20,0,0,12,21,10,10,24,0,0,26,0,58,85,17,17,25,56,10,26,26,0,41,45,37,250,0,0,0,16,17,0,0,38,0,10,65,32,39,266,0,20,0,0,97,28,12,17,15,10,365,0,47,1,61,0,0,40,0,25,20,0,0,0,0,14,2,0,39,0,193,0,12,29,0,0,9,15,22,10,11,1,2,0,0,7,1190,23,2,940,2,1,0,36,5,3,11,0,410,2,0,1,716,1460,43,
Benin,,,,,,,,,,,,,,,,,,,,,,,,,,,,,,,,,,,,,,,,,,,,,,,,,,,,,,,,,,,,,,,,,,,,,,0,0,0,0,0,0,0,1,0,2,0,0,0,0,0,0,61,0,65,0,228,0,3,0,0,0,20,76,47,78,12,402,404,65,142,0,4,54,20,53,60,71,15,21,28,0,0,39,0,0,13,6,9,
Burkina Faso,,,,,,,,,,,0,0,0,0,0,0,0,0,0,0,0,0,0,0,0,0,0,0,0,0,0,0,0,0,0,0,0,0,0,0,0,0,0,0,0,0,0,0,0,0,0,0,0,0,0,0,0,0,0,0,0,0,0,0,0,0,0,0,0,434,0,0,0,0,0,0,0,0,0,241,0,1090,0,237,0,0,0,0,16,0,0,37,0,0,22,0,4140,2270,26,6,0,2980,0,1080,599,9,855,1540,658,439,857,36,53,16,0,23,54,20,0,0,13,11,
Bangladesh,,,,,0,0,0,0,0,172,0,0,0,0,0,0,0,0,393k,0,0,0,0,6,0,0,0,0,0,0,0,0,0,0,0,0,0,0,0,0,0,5000,61k,1.9M,0,0,0,500,0,0,0,200,0,0,0,0,0,0,500,0,18.1k,11.3k,0,22.1k,300,48.9k,889,91,339,849,300k,163,250,2330,31.5k,0,215,907,1180,341,666,1090,2740,1450,2400,16.6k,2560,3820,4300,1950,1380,143k,510,754,730,2560,1140,802,1670,767,680,703,1340,1710,1520,997,384,5790,121,563,370,165,764,1190,320,300,271,494,102,402,372,573,
Bulgaria,,,,,,,,,,,,,,,,,20,0,0,0,0,0,0,0,0,0,0,0,107,0,0,0,0,0,0,0,0,0,0,0,0,0,0,0,0,0,0,0,0,0,0,0,0,0,0,0,0,0,0,0,0,0,0,0,0,11,0,0,0,0,0,0,0,0,0,0,0,20,0,0,0,0,0,0,50,0,3,0,25,15,1,0,0,27,0,0,0,0,3,0,14,2,1,0,0,57,0,17,10,17,3,0,38,0,36,5,0,10,16,0,0,44,
Bahrain,,,,,,,,,,,,,,,,,,,,,,,,,,,,,,,,,,,,,,,,,,,,,,,,,,,,,,,,,,,,,,,,,,,,,,,,,,,,,,,111,0,0,0,0,0,0,0,0,0,0,0,10,0,0,0,0,0,0,0,0,0,143,0,0,0,0,0,69,0,0,0,0,0,10,13,,,,,,,,,
Bahamas,,,,,,,,,,,,,,,,,,,,,,,,,,,0,0,0,0,0,0,0,0,0,14,0,0,0,0,0,0,0,0,0,22,0,0,0,0,0,0,0,0,0,0,0,0,0,0,0,0,0,0,0,90,5,0,0,0,0,0,0,0,0,0,0,0,0,0,0,0,0,0,0,100,0,0,0,0,0,0,4,0,0,0,0,0,0,1,0,0,0,0,12,1,0,55,0,0,0,0,25,30,0,33,0,0,0,384,,,
Bosnia and Herzegovina,,,,,,,,,,,,,,,,,,,,,,,,,,,,,,,,,,,,,,,,,,,,,,,,,,,,,,,,,,,,,,,,,,,,,,,,,,,,,,,,,,,,,,,,,,,,,,,,,,12,0,0,50,0,0,0,0,4,0,0,11,1,5,0,4,0,26,0,0,0,0,1,0,0,
Belarus,,,,,,,,,,,,,,,,21,0,0,0,0,0,0,0,0,0,0,0,0,0,0,0,0,0,0,0,0,0,0,0,0,0,0,0,0,0,0,0,0,0,0,0,0,0,0,0,0,0,0,0,0,0,0,0,0,0,0,0,0,0,0,0,0,0,0,0,0,0,0,0,0,0,0,0,0,0,0,0,0,0,0,0,0,0,0,0,13,0,5,0,56,0,0,0,31,0,5,0,0,0,0,0,0,0,4,2,0,0,43,0,,,,
Belize,,,,,,,,,,,,,,,,,,,,,,,,,,,,,,,,1500,0,0,0,0,0,0,0,0,0,0,0,0,0,0,0,0,0,0,0,0,0,0,0,16,0,0,0,0,0,275,0,0,0,0,0,0,0,0,0,0,0,0,0,0,0,0,5,0,0,0,0,0,0,0,0,0,0,0,0,0,0,0,0,0,0,22,9,0,14,30,0,0,0,3,0,0,8,0,0,0,0,0,0,0,0,0,0,0,0,,
Bolivia,,,,,,,,,,,,,,,,,,,,,,,,,,,,,,,,,,,,,13,0,0,0,0,0,0,0,0,0,0,0,0,0,0,0,0,0,0,0,0,0,0,0,0,0,0,0,0,40,14,0,24,18,0,0,0,0,31,0,112,10,40,0,0,0,0,250,0,29,29,25,0,90,0,354,81,21,5,0,75,74,187,101,108,50,169,205,58,0,91,116,121,19,119,123,43,167,137,0,4,0,46,97,25,127,
Brazil,,,,,,,,,,,,,,,,,,,,,,,,,,,,,24,0,0,0,0,0,0,0,0,0,0,24,0,0,0,37,43,0,0,0,200,100,0,0,0,0,0,0,66,112,0,159,0,323,0,146,100,22,946,1260,113,316,408,239,39,20,2020,244,0,72,26,300,82,627,170,218,1140,135,52,426,1070,378,68,633,137,99,170,388,409,93,132,142,262,127,321,412,275,115,227,269,417,466,430,1070,92,383,83,121,312,278,84,454,262,82,10
Barbados,,,,,,,,,,,,,,,,,,,,,,,,,,,,,,,,,,,,,,,,,,,,,,,,,,,,,,,,57,0,0,0,0,0,0,0,0,0,0,0,0,0,0,3,0,0,0,0,0,0,0,0,0,0,0,0,0,0,0,0,0,0,0,0,0,0,0,0,0,0,0,0,0,0,0,0,0,1,0,0,0,0,0,0,0,0,0,0,0,0,1,0,0,0,0,
Brunei,,,,,,,,,,,,,,,,,,,,,,,,,,,,,,,,,,,,,,,,,,,,,,,,,,,,,,,,,,,,,,,,,,,,,,,,,,,,,,,,,,,,,,,,,,,,,,,,,,,0,,,,,,,,,,,,,,,,,,,,,,,,
Bhutan,,,,,,,,,,,,,,,,,,,,,,,,,,,,,,,,,,,,,,,,,,,,,,,,,,,,,,,,,,,,,,,,,,,,,,,,,,,,,,,,,,,,,,41,0,0,0,0,0,0,0,0,39,0,0,0,0,0,200,0,0,0,0,0,0,0,0,23,0,1,0,0,0,0,0,0,0,0,0,10,
Botswana,,,,,,,,,,,,,,,,,,,,,,,,,,,,,,,,,,,,,,,,,,,,,,,,,,,,,,,,,,,,,,,,,,0,0,0,0,0,0,0,0,0,0,0,0,0,0,0,0,0,0,0,0,0,0,0,191,0,0,0,0,0,0,20,0,0,0,0,3,0,0,0,0,0,470,0,2,0,0,0,0,12,0,0,0,0,0,0,,,
Central African Republic,,,,,,,,,,,,,,,,,,,,,,,,,,,,,,,,,,,,,,,,,,,,,,,,,,,,,,,,,,,,,,,,,,,,,,,,,,0,0,0,0,0,0,0,0,0,0,0,0,0,31,0,0,0,0,0,56,0,0,0,7,0,0,14,460,346,110,87,28,24,11,13,31,4,3,55,28,62,149,133,21,87,1,53,0,0,0
Canada,,,,76,0,18,0,75,133,0,125,73,28,235,1200,56,241,1670,50.4k,0,0,0,43,0,0,0,0,76,142,0,0,0,0,0,0,0,522,0,40,0,0,32,99,55,0,0,63,31,0,150,22,0,19,501,120,3,39,0,93,41,0,0,33,219,0,26,0,0,0,38,119,31,67,0,32,43,21,0,83,73,43,13,84,0,0,268,30,27,2,64,8,51,43,33,36,4,10,48,293,19,17,12,45,7,10,4,1,6,2,18,0,20,11,61,32,0,0,2,86,2,1,815,
Switzerland,,,,,,,,,,,,,,,,,,,,,,,,,,,,,,,,,,,,13,0,0,13,0,0,0,0,0,0,0,0,0,0,0,0,92,0,0,0,0,0,0,0,0,0,0,0,0,0,90,0,0,20,0,30,28,13,0,0,13,0,0,0,0,0,0,0,0,6,13,0,1,0,0,51,0,0,2,0,0,0,0,0,66,26,35,5,1040,0,18,1,1,0,0,0,0,39,0,2,0,0,8,20,4,0,0,
Chile,,,,,,,20k,0,0,0,0,0,0,0,0,0,0,0,0,0,0,0,1000,0,0,0,0,0,220,0,0,0,0,0,0,0,0,0,0,30k,0,0,0,12,0,0,2,0,100,41,0,0,0,15,0,0,0,0,0,0,6000,5,0,0,4,1080,4,0,0,0,0,85,0,0,32,0,0,15,4,30,0,0,0,4,127,180,129,237,0,21,28,171,0,115,20,33,0,81,0,0,16,28,19,0,3,61,38,39,19,24,674,22,9,16,18,204,12,42,0,63,0,0,
China,,,2500,0,0,0,280,12k,0,1.5M,60k,100k,50k,942,0,170,1000,1800,10k,0,680k,1000,100k,5000,100,5010,0,45.9k,3M,0,242,3.71M,0,28.2k,500,142k,145,1050,14,500k,181,147,1680,0,0,17,0,0,4140,58.7k,500,4800,54,0,32k,39,4000,560,0,2M,0,0,0,0,686,0,0,0,0,3000,10.4k,0,0,0,20k,22.5k,242k,0,100,114,6490,2470,707,1700,144,2190,924,1370,4990,3910,1820,5930,1950,3050,4640,2890,6320,2660,5350,2830,2590,2320,3200,2750,2560,3110,3080,2220,89.2k,1140,8000,1380,1090,1800,1960,1940,1660,662,510,841,546,580,29
Cote d'Ivoire,,,,,,,,,,,,,,,,,,,,,,,,,,,,,,,,,,,,,,,,,,,,,,,,,,,,,,,,,,,,,,,,,,,,,,,120,0,0,0,0,0,0,41,0,0,0,0,0,0,0,0,0,51,0,48,0,16,0,23,16,150,28,21,37,53,209,215,77,0,49,40,50,69,50,27,18,94,36,0,64,35,20,17,20,12,24,25,
Cameroon,,,,,,,,,,,,,,,,,,,,,,,,,,,,,,,,,,,,,,,,,,,,,,,,,,,,,,,,,,,,,,,,,,,,,,,,0,0,0,0,0,0,0,0,0,0,0,0,0,37,0,1750,0,101,100,118,310,731,513,6,374,378,109,359,67,76,61,0,139,46,98,190,191,76,145,592,713,25,0,111,4,75,57,57,71,37,112,
"Congo, Dem. Rep.",,,,,,,,,,,,,,,,,,,,,,,,,,,,,,,,,,,,,,,,,,,,,,,,,31,0,0,0,0,0,0,0,0,0,0,0,0,0,0,0,0,0,24,0,154,0,0,0,0,0,0,0,245,147,0,0,0,0,0,0,0,0,0,1020,0,86,67,500,46,0,39,296,749,100,1200,44,196,1140,2880,1200,1060,393,381,584,491,672,552,1050,718,16,548,196,162,491,2600,4610,266,488,
"Congo, Rep.",,,,,,,,,,,,,,,,,,,,,,,,,,,,,,,,,,,,,,,,,,,,,,,,,13,0,0,0,15,0,0,0,0,0,0,0,35,0,0,0,0,0,0,154,0,0,0,0,0,0,0,0,0,0,0,0,0,0,0,0,0,0,0,0,0,0,23,110,21,367,142,0,0,83,0,17,35,64,128,29,42,23,56,15,26,0,273,65,342,16,0,0,0,0,26,3840,20,49,
Colombia,,,,,,,400,0,0,0,0,0,0,0,0,0,0,0,0,0,0,0,0,300,0,0,100,0,0,0,0,0,0,0,0,17,18,0,0,0,0,0,0,0,0,0,0,0,0,1000,211,0,0,0,187,0,2700,0,195,184,0,0,182,0,0,32,1,81,0,0,407,251,70,225,401,0,170,155,0,701,205,242,144,427,0,21.8k,322,674,308,200,95,558,66,322,311,373,93,55,172,1290,153,163,252,127,143,395,150,375,176,83,755,368,106,98,181,140,150,441,46,305,129,65,
Comoros,,,,17,0,0,0,0,0,0,0,0,0,0,0,0,0,0,0,0,0,0,0,0,0,0,0,0,0,0,0,0,0,0,0,0,0,0,0,0,0,0,0,0,0,0,0,0,0,0,0,500,0,0,0,0,0,0,0,0,0,0,0,0,0,0,0,0,0,0,0,0,0,0,0,0,0,1,0,0,0,0,0,33,0,2,0,24,0,3,0,0,0,0,0,0,199,0,81,14,0,0,16,0,0,26,41,104,0,184,0,120,40,35,0,0,0,0,0,8,,,
Cape Verde,11k,0,0,0,0,0,0,0,0,0,0,0,0,0,0,0,0,0,0,0,24k,0,0,0,0,0,0,0,0,0,0,0,0,0,0,0,0,0,0,0,20k,0,0,0,0,0,30k,0,0,0,0,0,0,0,0,0,0,0,0,0,0,0,0,0,0,0,0,0,0,0,0,0,0,0,0,0,0,0,0,0,0,0,3,0,29,0,0,0,0,0,0,0,0,0,245,0,0,0,0,18,0,0,0,0,0,0,0,57,0,9,0,0,0,0,0,24,0,0,,,,,
Costa Rica,,,,,,,,,,,2450,0,0,0,0,0,0,0,0,0,0,0,0,0,0,0,0,0,0,0,0,0,0,0,0,0,0,0,0,0,0,0,0,0,0,0,0,0,0,0,0,0,29,0,0,10,0,0,0,0,0,0,0,15,0,0,0,0,87,7,24,0,0,21,0,2,0,0,0,0,1,0,0,12,0,0,0,0,35,0,24,48,0,12,2,0,60,0,8,9,34,0,10,3,10,21,0,19,11,31,27,4,8,3,0,0,9,25,1,0,0,3,
Cuba,,,,,,,,,,,,,,,,,,,,,,,,,,,600,0,0,0,0,0,2500,0,0,35,0,0,0,0,0,0,0,0,17,0,0,0,14,0,0,0,0,0,0,0,0,0,0,0,0,0,0,1750,0,0,5,0,0,0,20,0,0,0,0,0,1,7,6,0,3,0,24,15,0,4,0,0,50,195,7,190,359,51,22,26,3,116,29,18,2,5,32,30,4,51,2,54,7,14,68,45,14,2,0,3,0,10,121,6,0,10,
Cyprus,,,,,,,,,,,,,,,,,,,,,,,,,,,,,,,,,,,,,,,,,,,,,,,,,,,,,,40,0,0,0,0,0,0,0,0,0,0,0,0,0,0,0,3,0,0,0,0,0,0,0,0,0,0,0,0,0,0,0,0,0,0,0,0,0,0,0,0,0,2,0,0,52,0,5,0,0,0,0,31,0,4,0,0,0,13,0,0,0,0,0,0,49,0,0,4,
Czech Republic,,,,,,,,,,,,,,,,,,,,,,,,,,,,,,,,,,,,,,,,,,,,,,,,,,,,,,,,,,,,,,,,,,,,,,,,,,,,,,,,,,,,,,,,,,,,,,,,18,1,29,6,0,0,0,20,437,0,16,6,4,12,15,23,0,32,15,0,0,0,0,16,0,12,6,
Germany,,,,,,,,,360,0,0,0,0,28,0,19,27,23,22,0,0,600,0,0,0,0,0,0,0,0,0,0,0,0,12,11,11,46,16,0,29,0,0,0,0,0,439,0,0,0,0,0,0,0,0,0,0,0,0,0,0,0,0,0,0,0,0,0,0,0,0,0,0,0,0,0,0,0,0,0,0,0,0,0,0,0,0,0,0,0,64,28,33,11,13,5,39,30,105,30,31,6,120,9370,2,14,51,32,29,15,41,14,20,11,19,0,19,23,5,5,0,206,
Djibouti,,,,,,,,,,,,,,,,,,,,,,,,,,,,,,,,,,,,,,,,,,,,,,,,,,,,,,,,,,,,,,,,,,,,,,,,,,,,,,0,0,63,0,25,0,0,0,0,0,0,0,10,0,0,0,0,155,0,0,29,43,0,4,0,1,0,51,0,132,6,0,13,0,0,0,0,0,0,0,0,2,112,8,34,
Dominica,,,,,,,,,,,,,,,,,,,,,,,,,,,,,,,2000,0,0,0,0,0,0,0,0,0,0,0,0,0,0,0,0,0,0,0,0,0,0,0,0,0,0,0,0,0,0,0,0,0,0,0,0,0,0,0,0,0,0,0,0,0,0,0,0,40,0,0,0,0,2,0,0,0,0,0,0,0,0,0,0,2,0,0,11,0,0,0,0,0,0,0,0,2,0,0,0,0,0,0,0,30,0,64,,,,,
Denmark,,,,,,,,,,,,,,,,,,18,0,0,0,0,0,0,0,0,0,0,0,0,0,0,0,0,0,0,0,0,0,0,0,0,0,0,0,0,0,0,0,0,0,0,0,0,0,0,0,0,0,0,0,0,0,0,0,0,0,0,0,0,0,0,0,35,0,0,0,0,0,0,0,9,0,2,0,0,0,0,0,55,1,0,0,0,0,0,0,0,0,7,0,0,1,0,1,4,0,0,0,0,0,0,0,2,,,,,,,,,
Dominican Republic,,,,,,,,,,,,,,,,,,,,,,,,,,,,,,,2000,0,0,0,0,0,0,0,0,0,0,0,0,0,0,0,73,0,0,0,0,0,0,0,0,0,0,0,0,0,0,0,0,400,7,0,74,0,0,0,0,0,0,0,0,0,0,0,0,1430,7,20,0,0,0,12,12,103,0,50,60,10,54,30,70,13,256,0,372,16,0,3,31,61,781,148,0,175,31,32,137,12,231,0,1,2,21,5,0,34,6,2,
Algeria,,,,,,,,,,,12,0,0,0,0,0,0,0,0,0,0,0,0,0,0,0,0,3000,0,0,0,0,0,0,0,0,0,12,0,0,0,0,25,0,0,0,276,0,0,0,0,0,25,0,1250,0,0,0,0,48,57,0,0,0,0,2,57,30,0,76,0,0,0,21,11,0,0,0,0,0,2630,43,167,0,54,56,0,33,0,49,24,0,41,37,255,50,12,5,0,46,70,921,173,2520,104,43,37,90,124,103,29,10,83,0,113,30,58,17,277,8,31,134,
Ecuador,,,,,,,,,,,,,,,,,,,,,,,,,40,0,0,0,0,0,0,190,0,0,0,0,0,0,0,0,0,0,200,0,0,0,0,0,0,6000,50,0,0,71,0,0,0,0,0,0,0,0,0,0,0,0,50,36,0,400,49,20,0,25,0,0,81,0,0,0,8,0,307,219,60,0,0,5240,20,65,28,375,222,460,24,3,87,248,118,0,146,58,138,38,0,0,67,62,55,3,112,7,72,36,56,12,704,33,48,33,0,18,
Egypt,,,,,,,,,,,,,,,,,,,,,,,,,,,12,0,0,0,0,0,0,0,0,12,0,0,0,0,0,0,0,0,0,0,0,10.3k,0,0,0,0,0,0,0,20,0,0,0,0,0,0,0,0,0,0,0,0,0,2,0,0,0,0,48,15,0,40,0,53,0,0,100,196,98,16,50,137,100,10,19,505,598,112,621,173,159,107,45,222,163,147,607,119,316,136,1280,73,350,103,69,106,92,134,214,254,299,81,12,75,40,98,24
Eritrea,,,,,,,,,,,,,,,,,,,,,,,,,,,,,,,,,,,,,,,,,,,,,,,,,,,,,,,,,,,,,,,,,,,,,,,,,,,,,,,,,,,,,,,,,,,,,,28,0,33,72,0,0,0,0,0,0,0,0,56,0,0,0,0,0,0,0,0,0,0,0,0,0,0,,,
Spain,,,,,,,,,,,,,500,0,0,0,0,0,0,0,0,0,0,0,0,0,0,0,0,0,0,0,0,0,0,0,0,0,0,0,0,20,0,0,500,0,0,147,0,0,0,0,0,50,0,0,11,77,0,135,0,0,445,0,0,30,0,0,0,0,52,400,84,519,4,28,1,0,252,92,197,340,117,399,26,222,0,66,0,45,83,17,63,40,42,44,115,72,30,35,87,106,33,15.2k,39,38,68,62,183,20,17,33,14,79,17,19,18,4,24,27,17,29,
Estonia,,,,,,,,,,,,,,,,,,,,,,,,,,,,,,,,,,,,,,,,,,,,,,,,,,,,,,,,,,,,,,,,,,,,,,,,,,,,,,,,,,,,,,,,,,,,,,,912,0,0,0,0,0,0,22,0,0,0,3,0,0,0,0,0,10,1,0,0,0,0,0,7,,,,
Ethiopia,,,,,,,,,,,,,,,,,,,,,,,,,,,,,,,,,,,,,,,,,,,,,,,,,,,,,,,,,,,,,,30,0,0,0,2000,0,0,1,24,500,0,0,100k,0,0,0,71,9,0,157,990,0,300k,0,1500,0,421,7480,78,0,163,0,32,26,160,49,326,21,68,519,471,105,144,45,335,1320,22,65,135,35,0,0,110,0,0,203,0,62,250,44,0,
Finland,,,,,,,,,,,,,,,,,,,,,,,,,,,,,,,,,,,,,,,,,,,,,,,,,,,,,,,,,,25,0,0,0,0,0,0,0,0,0,0,0,0,0,0,0,0,0,0,43,0,0,0,0,0,0,0,0,0,0,0,0,0,0,0,0,0,0,0,0,0,11,0,0,0,0,0,24,0,,,,,,,,,,,,,,,,,
Fiji,,,,,,,,,,,,,,,,,,,,,,,,,,,,,,,,200,0,0,0,0,0,0,0,0,0,6,0,0,0,0,0,0,0,0,0,0,23,0,0,0,0,0,0,0,0,0,0,0,1,2,0,0,0,0,0,0,3,59,0,0,0,0,0,53,18,0,0,9,0,32,20,1,0,10,0,0,1,21,0,0,0,25,0,29,4,1,0,17,16,0,4,7,7,14,2,0,17,0,0,0,47,0,7,1,8,6,
France,,,,84,0,0,1130,0,0,46,0,0,0,0,0,0,0,561,0,0,0,0,0,600,0,0,28,0,0,0,88,500,30,230,0,0,0,0,0,73,0,15,0,17,22,0,0,0,0,80,0,0,34,0,0,0,0,0,35,412,0,21,0,0,0,0,114,94,95,23,258,0,168,254,346,0,28,26,3,11,14,180,83,55,4,130,5,43,89,65,73,74,174,53,13,48,5,77,51,218,125,48,53,19.6k,39,71,1410,31,7,16,81,6,12,10,22,3350,30,3,23,1450,1940,33,
"Micronesia, Fed. Sts.",,,,,,,,,,,,,,,,,,,,,,,,,,,,,,,,,,,,,,,,,,,,,,,,,,,,,,,,,,,,,,,,,,,,,,,,,,,,,,,,,,,,,,,,5,0,0,0,0,0,0,0,0,0,0,0,0,19,0,47,0,1,0,0,0,0,0,0,0,0,0,0,5,0,0,0,0,,,
Gabon,,,,,,,,,,,,,,,,,,,,,,,,,,,,,,,,,,,,,,,,,,,,,,,,,,,,,,,,,,,,,,,,,,,,,,,,,,,,,,,,,,,,,,,,,0,0,0,72,0,30,20,0,45,0,0,0,0,50,14,17,20,0,0,12,32,0,0,13,1,30,0,0,18,,,,,,
United Kingdom,,,,,,,24,0,0,0,0,0,1500,439,0,227,42,0,0,0,0,44,0,0,0,0,0,0,0,0,0,0,0,73,0,11,26,0,14,10,0,54,14,0,91,0,33,32,19,0,0,24,4160,0,0,140,0,90,10,0,0,0,18,0,0,0,140,50,53,0,0,95,149,58,29,76,0,6,12,0,18,12,0,5,74,248,58,63,230,215,83,61,11,4,100,31,5,46,40,42,16,24,26,301,21,11,0,27,8,24,0,0,8,783,5,14,0,80,0,6,2560,1,
Georgia,,,,,,,,,,,,,,,,,,,,,,,,,,,,,,,,,,,,,,,,,,,,,,,,,,,,,,,,,,,,,,,,,,,,,,,,,,,,,,,,,,,,,,,,,,,15,8,222,41,24,1,22,7,0,39,82,0,6,0,1,0,0,0,0,0,0,7,5,0,0,40,0,11,0,0,17,0,
Ghana,,,,,,,,,,,,,,,,,,,,,,,,,,,,,,,,,,,,,,,,22,0,0,0,0,0,0,0,0,0,0,0,0,0,0,0,0,0,0,0,0,0,0,0,0,0,0,0,0,0,0,0,0,0,0,0,0,0,0,15,0,0,0,0,0,170,4,0,0,15,7,60,109,0,30,0,145,411,26,67,136,13,187,128,0,24,98,162,104,25,78,142,155,86,40,249,260,71,42,34,108,97,9,17
Guinea,,,,,,,,,,,,,,,,,,,,,,,,,,,,,,,,,,,,,,,,,,,,,,,,,,,,,,,,,,,,,,,,,,,,,,,,,,,,,,,,,0,0,0,275,0,0,0,18,0,17,0,0,356,0,311,100,0,0,12,32,264,137,58,24,133,82,172,206,27,15,27,56,215,25,2630,38,15,0,18,27,0,21,
Gambia,,,,,,,,,,,0,0,0,0,0,0,0,0,0,0,0,0,0,0,0,0,0,0,0,0,0,0,0,0,0,0,0,0,11,0,0,0,0,0,0,0,0,0,0,0,0,0,0,0,0,0,0,0,0,0,0,0,0,0,0,0,0,0,0,0,0,0,0,0,0,0,0,0,200,0,0,0,0,0,0,0,0,0,0,0,0,0,100,0,0,0,0,120,0,53,21,1,9,3,2,0,0,32,10,5,9,0,0,2,0,0,0,6,0,4,0,10,
Guinea-Bissau,,,,,,,,,,,0,0,0,0,0,0,0,0,0,0,0,0,0,0,0,0,0,0,0,0,0,0,0,0,0,0,0,0,0,0,0,0,0,0,0,0,0,0,0,0,0,0,0,0,0,0,0,0,0,0,0,0,0,0,0,0,0,0,0,0,0,0,0,0,0,0,0,0,0,0,0,0,0,0,0,0,0,69,0,0,0,0,0,0,195,14,961,781,203,404,0,0,0,0,6,411,0,29,221,73,23,0,29,0,21,11,0,0,32,0,0,14,
Equatorial Guinea,,,,,,,,,,,,,,,,,,,,,,,,,,,,,,,,,,,,,,,,,,,,,,,,,,,,,,,,,,,,,,,,,,,,,,,,,,,,,,,,,,,,,,,,15,0,0,0,0,0,0,0,0,0,0,0,0,1,1,0,0,15,80,0,0,23,0,0,0,0,0,0,0,0,0,0,0,0,107,
Greece,,,,,4,0,0,0,0,0,0,0,0,0,14,0,0,0,0,0,0,0,0,0,0,0,0,0,103,0,22,0,151,0,0,0,0,0,0,0,0,0,0,0,16,0,0,3,2,0,0,0,0,476,56,8,53,0,0,0,0,43,0,0,0,70,2,9,19,0,0,0,31,0,0,0,0,27,50,22,1,45,0,12,0,23,20,1050,56,34,4,71,0,1,24,52,20,84,17,157,137,11,41,37,54,121,4,130,2,12,1,43,33,12,86,88,467,42,116,7,22,29,
Grenada,,,,,,,,,,,,,,,,,,,,,,,,,,,,,,,,,,,,,,,,,,,,,,,,,,,,,,,,,,,,,,,,6,0,0,0,0,0,0,0,0,0,0,0,0,0,0,0,0,0,0,0,0,0,0,0,0,0,0,0,0,0,0,0,0,0,0,0,0,0,0,0,0,39,0,0,0,0,0,0,,,,,,,,,,,,
Guatemala,,,9000,0,0,0,0,0,0,0,0,0,0,0,0,0,0,2650,0,0,0,0,0,0,0,0,0,0,0,0,0,0,0,0,0,0,0,0,0,0,0,0,0,0,0,0,0,0,0,40k,0,0,0,0,0,0,0,0,0,0,225,0,0,0,0,0,0,0,2,273,0,0,0,5,0,0,23k,0,0,0,0,0,620,0,0,0,94,84,5,93,257,238,206,0,10,31,98,36,452,105,89,122,134,22,36,1580,81,11,138,36,246,97,44,52,6,358,10,60,463,61,167,2,
Guyana,,,,,,,,,,,,,,,,,,,,,,,,,,,,,,,,,,,,,,,,,,,,,,,,,,,,,,,,,,,,,,,,,,,,,,,,0,0,0,0,0,0,0,900,1,0,0,0,0,0,0,0,0,0,0,0,0,0,0,0,0,0,0,0,0,0,0,0,0,0,34,0,0,0,0,0,0,0,0,0,0,0,0,0,0,0,0,
"Hong Kong, China",,,,,,,10k,0,0,0,0,0,0,0,0,0,0,0,0,0,0,0,0,100,0,0,0,0,0,0,0,0,0,0,0,0,0,11k,0,0,0,0,0,0,0,0,0,2000,135,0,0,0,0,0,0,0,0,8,0,43,60,7,183,0,70,5,144,0,22,0,0,115,238,1,1,3,38,1,11,13,2,0,31,23,0,2,5,10,0,12,130,22,7,29,1,18,57,81,0,5,0,0,299,25,0,0,0,0,35,0,1,0,39,0,12,0,0,0,19,0,0,2,
Honduras,,,,,,,,,,,,,,,,,,,,,,,,,,,,,,,,1500,0,0,0,14,0,0,0,0,0,0,0,0,0,0,0,0,0,0,0,0,0,0,0,0,0,0,0,0,0,275,0,0,0,7,0,0,0,0,0,37,0,2800,8000,0,20,0,0,1,0,0,130,0,0,21,50,0,19,151,38,0,0,413,151,37,8,0,14.6k,34,22,21,19,96,115,61,4,7,90,14,211,47,379,27,18,0,7,21,6,155,132,0,
Croatia,,,,,,,,,,,,,,,,,,,,,,,,,,,,,,,,,,,,,,,,,,,,,,,,,,,,,,,,,,,,,,,,,,,,,,,,,,,,,,,,,,,,,,,,,,,,,61,0,0,0,35,0,0,0,41,0,11,788,0,7,0,12,14,0,0,0,7,0,3,0,0,0,0,1,9,10,
Haiti,,,,,,,,,,150,0,0,0,0,0,1600,0,0,0,0,0,0,0,0,0,0,0,0,0,0,0,0,0,0,0,2150,0,0,0,0,0,0,0,0,0,0,0,0,0,0,0,0,6,0,672,0,0,0,0,50,0,0,26,5500,100,0,480,0,0,0,0,0,78,0,0,0,0,0,0,8,220,0,0,0,0,0,349,33,81,0,0,0,103,1810,1150,47,245,480,246,26,43,71,45,182,5420,88,16,178,843,88,230k,51,207,28,87,216,599,126,17,24,54,2650,
Hungary,,,,,,,,,,,,,,,,,,,,,,,,,,,,,,,,,,,,,,,,,,12,0,0,0,0,0,0,0,0,0,0,0,0,0,0,0,0,0,0,0,0,0,0,0,0,0,0,0,0,300,0,0,0,0,0,0,0,0,0,0,0,0,0,4,0,0,0,0,0,0,0,16,0,31,0,11,0,0,48,1,81,19,40,0,52,47,500,17,0,10,14,16,0,0,0,0,0,179,25,,,
Indonesia,,,,,,,,,,40,0,0,0,138,20,0,0,15k,0,5000,0,0,0,0,787,0,0,50,128,0,1370,1300,6,0,0,0,26,0,0,0,0,0,13,213,0,0,0,0,0,0,16,1300,0,114,37,405,300,0,8,0,0,0,0,1690,0,71,9260,499,252,64,132,1,72,1700,10,0,1350,327,226,1090,253,1440,654,265,388,52,510,783,475,486,522,781,2910,372,678,278,845,1790,1640,1050,1250,1220,526,777,167k,1660,8200,1390,206,2030,1370,536,295,265,551,388,366,206,5770,596,220,668,0
India,1.25M,0,0,0,0,20k,0,1.3M,20,0,39,0,0,0,0,0,300,0,0,0,2.5M,0,0,0,301k,80,423k,685,36,0,0,0,0,0,0,60.1k,438,107,0,0,0,0,1.54M,5020,318,0,0,625,500,1000,1740,0,750,491,30,2120,318,187,912,621,237,3460,173,512,732,1.5M,80,4610,7460,815,1050,11k,230,309,280,1290,323,14.8k,8080,3210,3950,1940,2210,1780,9290,4370,2070,2670,8900,2930,4080,3790,2090,12k,3490,4200,4490,4050,10.7k,12.8k,3450,21.5k,3880,3020,18.4k,6280,2000,2720,2520,2520,2060,1500,1030,7660,1470,3680,1730,2930,1710,2670,2440,2120,12
Ireland,,,,,,,,,,,,,,,,,,,,,,,,,,,,,,,,,,,,,,,,,,,,10,0,0,0,0,0,0,0,0,0,0,0,0,0,0,0,0,0,0,0,0,0,0,0,0,0,0,0,0,0,0,0,0,0,0,0,50,0,46,0,10,0,329,11,0,0,0,2,0,0,3,29,0,2,0,2,8,3,0,0,0,0,0,0,0,0,0,0,2,0,0,1,1,0,0,2,0,0,,
Iran,,,,350,0,0,0,0,0,5000,0,700,0,0,0,0,0,0,0,0,0,0,0,2650,0,500,0,0,0,3250,1360,0,1070,0,0,750,12,0,0,0,0,730,0,0,20,20,0,400,200,0,72,225,0,1870,2000,0,1350,5670,191,0,480,60,12k,0,0,308,42,0,10.8k,70,253,0,5120,0,0,14,16,1110,25.4k,565,524,3510,0,33,0,1,369,867,381,100,40.1k,104,134,963,251,30,58,2900,269,291,199,730,670,27.3k,682,1090,258,91,230,234,82,140,391,128,77,107,95,589,128,139,52,40,6
Iraq,,,,,,,,,,,,,,,,,,,,,,,,,,,,,,,,,,,,,,,,,,,,,,,,,,,,,,,0,0,0,0,0,0,0,0,0,0,0,0,0,0,0,0,0,0,459,0,0,0,0,0,1,0,59,0,0,0,0,0,0,0,26,750,0,20,0,0,25,73,0,0,0,0,15,0,0,22,63,1230,106,70,31,13,61,6,4,11,0,58,11,30,21,110,8,128,
Iceland,,,,,,,,,,,,,,,,,,,,,,,,,,,,,,,,,,,,,,,,,,,,,,,,,,,,,,,,,,,,,,,,,,,,,,,,,,0,12,0,1,0,0,0,0,0,0,4,0,0,0,0,0,0,0,0,0,0,0,34,0,0,0,0,0,0,0,0,0,0,0,0,0,0,0,,,,,,,,,,,,
Israel,,,,20,0,0,0,0,0,0,0,0,0,0,0,0,0,0,0,0,0,0,0,0,0,0,0,0,0,0,0,0,0,0,0,0,0,0,0,0,0,0,0,0,0,0,0,0,0,0,0,0,0,0,0,0,0,0,0,0,0,0,0,0,0,0,0,0,0,0,20,0,0,0,0,0,0,0,0,0,0,0,0,0,0,22,0,0,0,0,40,5,23,0,0,0,0,88,0,0,15,15,0,0,0,7,0,0,24,0,46,0,0,4,0,0,0,0,12,0,7,,
Italy,,,,,,557,700,0,75k,0,0,0,0,0,120,30k,0,0,0,0,1400,0,100,0,0,0,0,0,0,0,1900,0,0,10,0,12,0,0,54,10,0,0,0,0,547,0,0,0,105,0,0,163,0,100,297,29,0,0,0,0,12,0,16,1920,0,92,70,0,296,0,72,22,3,38,0,12,987,23,49,14,4790,12,0,82,33,375,21,127,32,25,77,140,14,34,99,49,28,127,221,63,59,139,121,20.2k,28,61,18,48,9,364,14,272,136,487,178,596,324,84,78,28,19,86,
Jamaica,330,0,0,65,0,0,0,1200,0,53,0,0,142,0,0,0,0,57,0,0,0,0,0,4,0,0,0,0,0,0,0,0,16,63,0,0,0,151,0,0,125,0,0,0,32,0,0,0,0,0,0,154,0,0,0,0,0,175,0,0,0,0,0,11,0,0,0,0,0,0,0,0,0,6,0,17,0,0,0,44,193,0,0,0,0,7,54,9,49,0,0,15,0,9,4,0,0,0,0,0,0,1,13,0,16,6,4,5,13,0,15,0,1,0,0,0,0,0,,,,,
Jordan,,,,,,,,,,,,,,,,,,,,,,,,,,,,268,0,0,0,0,0,0,0,0,0,0,0,0,0,0,0,0,0,0,0,0,0,0,0,0,0,0,0,0,0,0,0,0,0,0,0,25,0,8,259,0,0,0,0,0,0,0,0,0,0,0,0,0,0,4,0,0,0,0,0,9,0,0,0,10,15,0,32,0,0,2,0,0,23,52,5,22,12,0,10,0,21,0,0,0,0,17,0,0,14,0,34,,,,
Japan,30,18,125,0,0,52,0,0,0,41,1380,12,2000,0,234,0,0,4000,0,0,40,0,27,150k,0,395,144,3020,0,0,259,0,0,3000,4510,0,0,0,943,27,0,18,0,2390,1220,6500,2000,3930,6000,617,1080,1250,238,4250,3430,443,130,1100,1950,5310,179,663,234,295,758,289,422,779,171,100,73,297,703,128,364,98,169,41,88,94,88,203,697,465,34,569,88,10,78,80,67,223,21,467,274,5310,51,28,57,101,46,118,7,46,271,243,72,87,108,105,202,20k,186,430,301,71,116,62,446,288,97,96,
Kazakhstan,,,,,,,,,,,,450,0,0,0,0,0,0,0,0,0,0,0,0,0,0,0,0,0,0,0,0,0,0,0,0,0,0,0,0,0,0,0,0,0,0,0,0,0,0,0,0,0,0,0,0,0,0,0,0,0,0,0,0,0,0,0,0,0,0,0,0,0,0,0,0,0,0,0,0,0,0,0,0,0,0,0,0,0,0,0,0,0,10,80,140,0,0,21,0,0,3,0,3,71,0,41,0,31,65,44,2,43,21,5,18,0,0,52,25,0,0,
Kenya,,,,,,,,,,,,,,,,,,,,,,,,,,,,,,,,,,,,,,,,,,,,,,,,,,,,,,,,,,,,,,,,,0,0,0,0,0,0,0,0,0,0,59,0,0,100,0,0,0,0,77,0,0,0,0,26,77,98,54,320,146,449,1310,0,0,1350,172,1970,404,184,101,74,309,248,522,106,127,561,261,206,101,223,72,139,124,185,227,213,298,55,
Kyrgyz Republic,,,,,,,,,,,,,,,,,,,,,,,,,,,,,,,,,,,,,,,,,,,,,,,,,,,,,,,,,,,,,,,,,,,,,,,,,,,,,,,,,,,,,,,,,,,,,58,0,162,12,0,22,112,0,11,20,0,78,68,3,4,0,139,0,0,0,16,0,0,0,0,63,0,0,0,15,
Cambodia,,,,,,,,,,,,,,,,,,,,,,,,,,,,,,,,,,,,,,,,,,,,,,,,,,,,,,,,,,,,,,,,,,,,,,,,,,,130,0,0,0,0,0,0,0,0,0,0,0,0,0,0,0,0,100,50,0,537,0,83,92,490,63,347,56,29,0,7,29,5,206,0,46,366,247,14,200,45,0,0,0,0,50,38,1,
Kiribati,,,,,,,,,,,,,,,,,,,,,,,,,,,,,,,,,,,,,,,,,,,,,,,,,,,,,,,,,,,,,,,,,,,,,,,,,3,0,0,0,0,17,0,0,0,0,0,0,0,0,0,0,0,0,0,0,0,0,0,0,0,0,0,0,0,0,0,0,0,0,0,0,0,0,0,0,0,0,0,0,0,0,80,,,,
St. Kitts and Nevis,,,,,,,,,,,,,,,,,,,,,,,,,,,,,0,0,0,0,0,0,0,0,0,0,0,0,0,0,0,0,0,0,0,0,0,0,0,0,0,0,0,0,0,0,0,0,0,0,0,0,0,0,0,0,0,0,0,0,0,0,0,0,0,0,0,0,0,0,0,0,0,0,0,0,0,1,0,0,0,0,0,0,0,0,5,0,0,0,0,0,0,0,0,0,0,0,0,0,0,0,0,0,0,0,,,,,
South Korea,,,,,,,,,,,,,,,,,,,,,,,,,,,,,,,,,,,,,1100,0,0,0,0,0,0,0,0,0,0,0,0,0,0,0,0,249,56,0,103,485,0,494,0,249,290,116,210,323,117,0,18,630,67,267,797,0,88,0,25,371,27,115,165,178,68,0,251,70,58,809,65,140,214,308,5,293,115,667,145,29,530,145,90,81,385,563,24,53,61,37,50,17,68,143,27,0,390,41,15,44,37,33,119,,
Kuwait,,,,,,,,,,,,,,,,,,,,,,,,,,,,,,,,,,,,,,,,,,,,,,,,,,,,,,,,,,,,,,,,,,,,,,,,,,,,,,,,,,,,,,,,,,,,,,,,,,2,0,0,0,0,0,0,0,0,0,0,0,44,0,0,0,0,0,0,0,0,16,,,,
Lao,,,,,,,,,,,,,,,,,,,,,,,,,,,,,,,,,,,,,,,,,,,,,,,,,,,,,,,,,,,,,,,,,,,300,0,2,0,0,14,0,0,0,0,0,0,31,0,0,0,0,0,14,0,0,63,0,0,0,0,175,8,500,60,30,0,40,0,87,0,2,0,2,0,0,0,6,26,0,48,0,149,0,27,5,0,136,19,2,0,
Lebanon,,,,,,,,,,,,,,,,,,,,,,,,,,,,,,,,,,,,,,,,,,,,,,,,,,,,,,,,440,136,0,0,0,0,0,0,0,0,0,0,0,0,0,0,0,0,0,0,0,0,0,0,0,0,0,0,20,0,0,0,0,0,0,45,0,25,0,0,0,0,0,0,0,10,0,0,38,0,0,0,1,0,44,90,0,0,0,0,5,0,0,15,3,206,32,
Liberia,,,,,,,,,,,,,,,,,,,,,,,,,,,,,,,,,,,,,,,,,,,,,,,,,,,,,,,,,,,,,,,,,,,,,,,,,,,,,,0,0,0,466,0,46,0,0,0,0,0,0,0,0,0,0,0,0,9,56,0,22,39,13,0,60,0,0,29,0,1,0,2,12,0,0,10,4810,0,0,0,0,28,50,16,
Libya,,,,,,,,,,,,,,,,,,,,,,,,,,,,,,,,,,,,,,,,,,,,,0,0,0,0,0,0,0,0,0,0,0,0,0,0,0,0,0,0,0,300,0,0,0,0,0,0,0,0,0,0,0,0,0,0,0,0,0,0,0,0,0,0,0,0,30,78,0,0,182,0,0,0,70,0,0,0,23,0,81,0,27,0,0,0,140,221,104,100,55,41,389,1790,1360,470,425,211,166,135,
St. Lucia,,,,,,,,,,,,,,,,,,,,,,,,,,,,,,,,,,,,,,,,,,,,,,,,,,,,,,,,,,,,,0,0,0,10,0,0,0,0,0,0,0,0,0,0,0,0,0,0,0,0,9,0,0,0,0,0,0,0,0,0,0,0,0,0,4,0,0,0,0,0,0,0,0,0,0,0,0,1,0,0,14,0,0,6,0,0,0,0,0,0,3,1,
Sri Lanka,,,,,,,,,,,,,,,,,,,,,,,,,,,,,,,,,,,,,,,,,,,,,,,,,,,,,,,,,,200,0,0,0,0,0,0,206,0,23,26,0,62,0,0,0,0,218,0,0,27,750,0,0,7,54,3,51,0,104,77,0,377,58,47,15,133,0,123,20,211,58,7,52,13,25,235,35.5k,39,25,55,57,349,60,254,53,117,336,10,203,689,34,58,10,35,
Lesotho,,,,,,,,,,,,,,,,,,,,,,,,,,,,,,,,,,,,,,,,,,,,,,,,,,,,,,,,,,,,,,,,,,,,,0,0,0,0,0,0,0,0,0,0,0,0,0,0,0,0,0,0,0,18,0,0,22,0,0,0,0,0,0,0,0,28,28,1,0,0,0,0,0,40,0,0,0,26,0,0,0,0,0,0,0,0,0,0,
Lithuania,,,,,,,,,,,,,,,,,,,,,,,,,,,,,,,,,,,,,,,,,,,,,,,,,,,,,,,,,,,,,,,,,,,,,,,,,,,,,,,,,,,,,,,,,,,,,0,6,0,0,0,0,10,34,0,20,0,0,0,0,0,25,0,0,9,0,30,0,0,0,0,0,5,,,,
Luxembourg,,,,,,,,,,,,,,,,,,,,,,,,,,,,,,,,,,,,,,,,,,,,,,,,,,,,,,,,,,,,,,,,,,,,,,,,,,,,,,,,,,,,0,0,0,0,0,0,0,0,0,0,0,0,0,0,0,0,0,0,0,20,170,0,0,0,0,0,0,0,0,0,0,0,0,0,0,0,0,0,0,
Latvia,,,,,,,,,,,,,,,,,,,,,,,,,,,,,,,,,,,,,,,,,,,,,,,,,,,,,,,,,,,,,,,,,,,,,,,,,,,,,,,,,,,,,,,,,,,,,,,,,,,,6,0,21,0,15,0,40,0,0,0,0,0,0,10,54,0,0,0,0,0,,,,
Morocco,,,,,,,,,,100,0,0,0,0,0,0,0,0,0,0,0,0,0,0,0,0,0,0,0,0,0,0,0,0,0,0,0,0,0,0,0,0,0,0,0,0,0,0,0,0,0,131,0,0,30,0,0,0,65,0,12k,0,0,169,76,75,200,0,0,11,11,0,0,106,0,178,0,0,0,16,0,0,1,0,0,0,0,0,31,0,0,44,30,15,81,808,64,111,101,136,97,26,208,65,716,67,153,65,148,29,88,106,80,39,83,34,0,37,11,115,26,24,43
Moldova,,,,,,,,,,,,,,,,,,,,,,,,,,,,,,,,,,,,,,,,,,,,,,,,,,,,,,,,,,,,,,,,,,,,,,,,,,,,,,,,,,,,,,,,,,,,,,,50,0,0,9,0,0,2,0,1,0,0,13,0,0,3,0,1,0,21,0,0,0,0,0,0,0,,,
Madagascar,,,,,,,,,,,,,,,,,,,,,,,,,,,,,,,,,,,,,,,,,,,,,,,,,,,,,,,,,,,,,,,,,0,0,0,0,29,81,70,0,91,0,0,7,16,10,70,0,0,107,92,42,121,0,99,0,200,46,0,72,0,0,212,34,9,174,0,981,153,47,694,150,409,107,4,91,125,27,120,46,112,178,17,121,41,369,94,17,44,87,58
Maldives,,,,,,,,,,,,,,,,,,,,,,,,,,,,,,,,,,,,,,,,,,,,,,,,,,,,,,,,,,,,,,,,,,,,,,,,,,,,,,,219,0,0,0,0,0,0,0,0,0,0,0,0,0,0,0,0,0,0,0,0,10,0,0,0,0,133,0,0,0,0,0,0,4,0,0,0,0,0,0,0,0,0,0,
Mexico,,,,,,,,,,250,0,45,0,0,0,0,0,0,0,0,648,0,0,0,0,0,0,0,0,60,0,0,400,0,0,0,14,34,0,0,0,0,0,0,0,0,0,0,0,1000,0,50,140,0,100,1100,0,160,0,2990,0,436,50,0,45,27,14,111,73,76,35,17,249,686,13,52,735,10,183,5,171,132,489,408,456,9510,207,153,523,247,536,283,283,157,36,375,96,578,881,979,324,45,268,88,52,120,199,210,151,121,294,153,124,337,22,161,197,576,79,212,82,188,
North Macedonia,,,,,,,,,,,,,,,,,,,,,,,,,,,,,,,,,,,,,,,,,,,,,,,,,,,,,,,,,,,,,,,,,,,,,,,,,,,,,,,,,,,,,,,,,,,,,,198,0,0,0,0,0,0,0,25,0,2,15,1,0,1,0,15,0,0,1,1,0,21,22,3,0,13,0,15,
Mali,,,,,,,,,,,0,0,0,0,0,0,0,0,0,0,0,0,0,0,0,0,0,0,0,0,0,0,0,0,0,0,0,0,0,0,0,0,0,0,0,0,0,0,0,0,0,0,0,0,0,0,0,0,0,0,0,0,0,0,0,0,0,0,0,513,0,0,0,0,0,0,0,0,0,30,0,412,0,0,1020,51,0,202,64,1,0,52,27,0,0,0,345,1100,3,2,87,2,58,106,57,56,82,18,0,35,43,104,0,122,122,15,13,0,46,79,22,23,
Malta,,,,,,,,,,,,,,,,,,,,,,,,,,,,,,,,,,,,,,,,,,,,,,,,,,,,,,,,,,,,,,,,,,,,,,,,,,,,,,,,,,,,,,,,,,,,12,0,0,0,0,283,0,0,0,0,0,0,0,16,26,28,32,10,0,0,0,0,27,,,,,,,,,
Myanmar,,,600,0,0,0,0,0,0,0,0,0,0,0,0,0,0,0,0,0,0,0,0,6,0,0,2700,0,0,0,586,0,0,0,0,0,1000,0,0,0,0,15,0,0,0,0,0,0,0,0,0,0,0,0,0,0,0,0,0,0,0,0,0,0,0,134,0,278,1070,11,90,0,5,0,0,200,0,3,0,0,0,13,301,10,0,0,26,447,135,87,200,98,5,137,144,52,0,103,58,22,0,67,21,0,337,17,59,86,138k,74,149,240,40,221,0,404,237,200,67,182,174,12,
Montenegro,,,,,,,,,,,,,,,,,,,,,,,,,,,,,,,,,,,,,,,,,,,,,,,,,,,,,,,,,,,,,,,,,,,,,,,,,,,,,,,,,,,,,,,,,,,,,,,,,,,,,,,,,,,,0,0,0,0,0,1,13,0,0,0,0,,,,,
Mongolia,,,,,,,,,,,,,,,,,,,,,,,,,,,,,,,,,,,,,,,,,,,,,,,,,,,,,,,,,,1200,0,0,0,0,0,0,0,0,57,0,0,0,0,0,0,0,0,0,0,0,0,0,0,0,0,0,0,0,0,0,0,0,87,6,0,47,5,41,74,0,28,0,23,26,3,15,0,0,0,14,52,31,0,0,0,0,0,0,0,17,0,12,10,12,
Mozambique,,,,,,,,,,,,,,,,,,,,,,,,,,,,,,,,,,,,,,,,,,,,,,,,,,,,,,,,,107,0,0,0,0,0,0,0,0,0,0,0,0,0,0,500,0,0,0,1,0,462,44,0,10,100k,0,189,109,66,77,50,100,99,694,109,587,102,240,0,51,672,296,23,875,105,235,217,11,16,47,288,238,229,133,87,33,121,65,229,168,29,51,704,37,11,25
Mauritania,,,,,,,,,,,0,0,0,0,0,0,0,0,0,0,0,0,0,0,0,0,0,0,0,0,0,0,0,0,0,0,0,0,0,0,0,0,0,0,0,0,0,0,0,0,0,0,0,0,0,0,0,0,0,0,0,0,0,0,0,0,0,0,0,0,0,0,0,0,0,0,0,0,0,0,0,0,5,0,0,0,0,35,38,0,23,4,0,0,80,0,46,0,45,1,13,11,25,9,0,98,26,59,0,1,13,22,10,18,0,14,0,18,11,63,92,50,
Mauritius,,,,,,,,,,,,,,,,,,,,,,,,,,,,,,,,,,,,,,,,,,,,,,,,,,,,,,,,,,,,,42,0,0,0,0,0,0,0,0,0,0,0,2,0,0,9,0,0,0,5,0,0,0,1,0,0,0,159,0,1,0,0,0,0,2,0,3,0,0,0,0,0,3,0,0,0,0,2,0,0,0,11,0,11,0,0,0,0,0,,,,
Malawi,,,,,,,,,,,,,,,,,,,,,,,,,,,,,,,,,,,,,,,,,,,,,,,,,,,,,,,,,,,,,,,,,,100,0,0,0,0,0,0,0,0,0,0,0,0,0,0,0,0,0,0,0,0,0,0,0,69,0,472,0,0,0,1,0,10,21,0,134,1210,758,12,27,61,28,28,137,88,0,4,51,3,11,283,12,24,5,68,1,13,53
Malaysia,,,,,,,,,,,,,,,,,,,,,,,,,,,,,,,,,,,,,,,,,,,,,,,,,,,,,,,,,,,,,,,,,,6,0,50,23,0,61,0,0,0,0,0,0,0,0,0,3,0,0,10,200,0,11,3,57,48,0,439,0,179,72,52,344,136,143,1,84,25,14,8,97,13,6,102,0,0,26,18,0,104,314,86,46,84,2,2,0,109,
Namibia,,,,,,,,,,,,,,,,,,,,,,,,,,,,,,,,,,,,,,,,,,,,,,,,,,,,,,,,,,,,,,,,,,,,,,,,,,,,,,,,,,0,0,0,0,0,0,0,100,0,0,20,0,0,0,0,0,0,0,0,14,134,19,2,0,0,15,14,51,92,8,108,0,50,0,0,0,0,0,0,0,0,
Niger,,,,0,0,0,0,0,0,0,85k,0,0,0,0,0,0,0,0,0,0,0,0,100k,0,0,0,0,0,0,0,0,0,0,0,0,0,0,0,0,0,0,0,0,0,0,0,0,0,0,0,0,0,0,0,0,0,0,0,0,0,0,0,0,0,0,0,0,0,2,319,0,0,0,0,0,0,0,0,0,0,0,1,0,0,0,0,0,20,356,0,2840,0,0,60,3020,882,275,30,63,192,624,320,202,168,44,86,7,214,172,108,64,188,44,201,33,84,216,114,170,83,258,
Nigeria,,,,,,,,,,,,,,,,,,,,,,,,,,,,,,,,,,,,,,,,,,,,,,,,,,,,,,,,,,,,,,,,,,,,,,2000,0,0,21,176,0,0,0,0,100,24,0,0,0,148,100,0,1250,600,245,339,269,7830,601,170,90,46,5910,280,1450,1060,1690,1520,2190,900,626,1560,940,814,404,1990,2250,1030,774,421,994,347,1560,142,502,364,414,3890,
Nicaragua,,,,,,,,,,,,,,,,,,,,,,,,,,,,,,,1000,1000,0,0,0,0,0,0,0,0,0,0,0,0,0,0,0,0,0,0,0,500,0,0,0,0,0,0,0,0,325,0,0,0,0,0,0,53,0,0,0,35,10k,0,0,0,16,0,0,0,0,0,71,101,0,0,0,0,130,0,4,2,180,37,0,56,44,0,3340,55,9,16,2,0,29,7,44,198,30,8,87,17,9,30,39,2,13,22,4,15,36,,
Netherlands,,,,,,,,,,,,,,,,,,45,60,0,0,0,0,0,0,0,0,0,0,0,0,0,0,0,0,0,0,0,0,0,0,0,0,0,0,0,0,0,0,0,0,0,0,2000,16,0,0,0,0,0,0,0,93,0,0,0,0,0,0,0,0,0,0,0,0,14,24,0,0,0,0,0,0,0,0,0,0,0,0,0,20,6,74,1,0,35,66,2,0,13,25,9,4,965,0,11,1000,7,0,0,0,0,13,2,0,0,0,0,3,400,400,0,
Norway,,,,,,,,,,,,,,,,,,,,,,,,,,,,,,,,,,,,,73,0,0,0,0,0,0,0,15,0,0,0,0,0,0,0,0,0,0,0,0,0,0,0,0,0,0,0,0,0,0,39,0,0,0,0,0,0,0,0,0,0,0,0,123,0,0,0,0,0,0,0,36,84,160,0,0,0,36,1,143,55,0,16,19,0,0,0,18,0,0,0,0,0,0,4,0,0,0,0,13,0,0,1,10,,
Nepal,,,,,,,,,,,,,,,,,,,,,,,,,,,,,,,,,,,,,,,,,,,,,,,,,,,,,,,60,0,0,0,0,0,0,0,0,1150,0,0,80,17,276,0,371,0,105,0,0,125,150,0,130,0,100,750,92,207,300,46,23,214,984,108,205,1450,1010,1080,0,511,926,104,538,409,530,180,667,399,290,328,278,275,191,535,282,309,187,210,652,9030,243,253,128,164,448,251,
New Zealand,,,,,,,,,,,,,,,,,,,6700,0,0,0,0,0,0,0,0,0,0,17,0,256,0,0,0,0,0,0,21,0,0,0,0,0,0,0,0,0,0,0,0,0,0,301,0,0,0,0,0,0,0,0,0,0,0,0,0,0,53,0,0,0,0,0,0,0,0,0,0,257,0,0,0,0,0,4,1,1,7,10,0,0,0,0,0,0,1,3,0,0,0,0,0,20,4,0,0,0,0,0,51,182,14,0,0,1,2,0,0,21,0,1,
Oman,,,,,,,,,,,,,,,,,,,,,,,,,,,,,,,,,,,,,,,,,,,,,,,,,,,,,,,,,,,,,,,,,,,,,,,,,,,,,,107,0,0,0,26,0,0,0,0,0,0,0,0,0,0,0,0,0,0,0,0,0,0,0,0,53,30,21,0,0,88,0,0,16,14,0,0,0,0,20,3,6,6,3,13,
Pakistan,,,,,,,,,,231,0,0,0,0,0,0,0,0,0,0,0,0,0,0,0,0,0,0,0,0,0,0,0,0,0,60k,0,0,0,0,0,0,0,0,0,4000,0,0,0,0,2900,0,0,111,406,12,270,375,0,148,0,0,0,0,450,10k,0,32,37,0,0,0,100,474,4740,14,338,848,393,113,93,404,68,158,103,5,117,78,486,305,551,1250,1880,931,440,1210,385,669,1390,816,349,306,315,699,274,74.7k,642,988,302,244,2470,646,1130,797,703,2040,709,488,320,628,710,207,22
Panama,,,,,,,,,,,,,,,,,,,,,,,,,,,,,,,,,,,,,,,,,,,,,,,,,,,,,,,,,,,,,,,,,1,0,20,0,0,0,48,0,0,7,0,0,0,0,19,0,0,0,19,0,1,0,2,0,30,0,20,85,116,0,21,2,0,0,3,1,22,0,5,2,16,3,29,5,39,22,15,0,6,0,9,0,7,25,0,0,94,1,
Peru,,,,,,,,,,,,,,150,34,0,0,0,0,0,0,0,0,0,0,0,0,0,0,0,0,0,0,0,0,0,0,0,0,37,179,5000,30,214,0,0,1400,233,0,0,213,0,0,9,0,0,0,0,28,0,63,0,2200,0,350,60,128,25,11,150,66.8k,850,12,500,398,0,0,47,2,13,77,158,535,623,28,170,174,444,456,440,555,10k,785,116,184,43,312,909,215,197,292,495,269,479,242,148,177,727,143,799,669,193,405,233,643,144,106,200,113,114,91,103,0
Philippines,,,,,,240,0,0,0,0,0,1340,0,0,0,0,0,0,100,0,0,0,0,0,0,17,0,0,0,0,0,0,147,0,85,0,517,232,320,0,73,0,0,0,0,0,260,0,72,1000,84,1310,1010,0,68,544,129,89,0,29,703,15,197,1,636,392,18,107,353,11,3820,246,1090,363,297,40,6520,282,763,101,441,1580,653,405,2920,741,428,5410,1780,737,3490,6860,250,1040,828,1910,316,99,1030,464,1090,738,529,488,2130,116,3080,195,1870,1410,1210,2040,2460,7910,403,334,89,331,842,1040,216,550,11
Palau,,,,,,,,,,,,,,,,,,,,,,,,,,,,,,,,,,,,,,,,,,,,,,,,,,,,,,,,,,,,,,,,,,,,,,,,,,,,,,,,,,,,,,,,,,,,,,,,,1,0,0,0,0,0,0,0,0,0,0,0,0,0,0,0,0,0,0,0,0,0,0,0,0,0,
Papua New Guinea,,,,,,,,,,,,,,,,,,,,,,,,,,,,,,,,,,,,,,506,0,0,0,0,0,0,0,0,0,0,0,0,0,6000,0,0,0,0,0,0,0,0,0,0,0,0,0,0,0,0,0,0,15,100,0,0,0,0,0,0,0,13,0,0,0,66,0,0,0,1,76,0,0,200,0,68,44,15,61,92,2300,23,2,0,183,13,0,2,16,172,10,224,0,28,311,0,0,24,12,0,181,12,42,,
Poland,,,,,,,,,,,,,,,,,,,,,,,,,,,,,82,0,0,0,0,0,0,0,0,0,0,0,0,0,0,0,0,0,0,0,0,200,0,0,160,0,0,0,0,0,0,0,0,0,0,0,0,0,0,0,0,0,0,33,0,0,0,0,0,0,0,83,117,0,0,0,0,0,0,202,0,0,16,10,35,0,35,21,0,115,73,157,84,297,202,0,0,205,88,19,104,349,236,26,290,29,89,78,23,6,9,4,3,4,
North Korea,,,,,,,,,,,,,,,,,,,,,,,,,,,,,,,,,,,,,,,,,,,,,,,,,,,,,,,,,,,,,,,,,,,,,,,,,,,,,,,,,,,,,,,,435,0,0,0,110,0,229,0,610k,116,0,50,42,46,124,3,0,185,207,282,720,0,0,30,74,147,51,0,33,552,200,270,5,22,0,
Portugal,,,,,,,,,,30,0,0,0,0,0,0,0,0,0,0,0,0,0,0,0,0,0,0,0,0,0,0,0,0,0,0,0,0,0,0,0,120,0,37,0,0,0,0,0,0,0,0,0,0,0,0,0,0,0,0,0,0,0,0,94,0,25,462,0,2,0,0,0,11,0,10,0,132,0,23,0,30,0,19,0,143,37,19,2,0,15,26,56,0,0,0,10,29,0,0,4,90,1,2720,2,477,41,16,2,0,46,0,0,21,1,1,4,109,13,31,,,
Paraguay,,,,,,,,,,,,,,,,,,,,,,,,,,,,,,,,,,,,,,,,,,,,,,,,,,,,,,,,,,,,,,,,0,0,6,0,0,0,0,0,0,0,0,0,0,0,0,0,0,0,0,0,76,0,0,0,0,0,0,0,0,0,0,0,0,23,33,55,12,45,0,0,0,390,0,17,8,12,8,12,44,5,0,0,14,0,0,0,40,20,10,
Palestine,,,,,,,,,,,,,,,,,,,,,,,,,,,,,,,,,,,,,,,,,,,,,,,,,,,,,,,,,,,,,,,,,,,,,,,,,,,,,,,,,,,,0,0,0,0,0,0,0,0,0,0,0,0,0,0,0,0,14,0,0,0,0,0,0,0,5,0,0,0,0,0,6,0,4,0,0,0,0,3,,
Qatar,,,,,,,,,,,,,,,,,,,,,,,,,,,,,,,,,,,,,,,,,,,,,,,,,,,,,,,,,,,,,,,,,,,,,,,,,,,,,,,,,,,,,,,,,,,,,,,,,,,,,,,,,,,,,,30,0,0,19,0,12,0,11,0,0,,,,
Romania,,,,,,,,,0,0,0,0,0,0,0,0,0,0,0,0,0,0,0,0,0,0,1000,0,6,0,0,0,0,0,0,0,0,0,164,0,1000,15,0,10,0,0,0,0,0,0,0,0,0,0,0,0,0,0,0,0,0,0,0,0,0,0,0,0,0,0,215,0,0,0,0,60,0,1640,0,0,0,0,0,0,0,0,17,0,0,190,9,108,0,3,2,116,38,51,111,34,29,41,19,3,67,178,89,80,48,35,90,0,86,9,17,57,3,9,2,14,13,1,
Russia,,,,,,,,,,,,,,,,,,,,,,,,,,,,,,,,,,,,,,,,,,,,,,,,,,,,,,,,,,,,,,,,,,,,,,,,,,,,,,,,,,,,,,,,,,,,127,280,513,703,2590,303,287,176,357,493,1130,700,176,408,299,432,294,121,365,56.1k,308,520,214,144,253,293,88,235,163,39,113,
Rwanda,,,,,,,,,,,,,,,,,,,,,,,,,,,,,,,,,,,,,,,,,,,,,,,,,,,,,,,,,,,,,,,,,,,,,,,,,,,0,0,0,0,17,0,0,0,0,0,0,0,0,0,48,237,0,32,0,0,0,70,10,0,77,144,49,12,197,13,4,0,59,30,48,0,32,41,5,0,0,2,117,3,76,42,111,0,
Saudi Arabia,,,,,,,,,,,,,,,,,,,,,,,,,,,,,,,,,,,,,,,,,,,,,,,,,,,,,,,,,,,,,,,,,20,0,1,0,0,0,0,0,0,0,0,138,0,0,0,0,301,45,0,0,0,32,67,0,0,0,1430,359,0,0,182,0,61,343,118,61,181,70,117,146,256,63,442,73,28,161,24,24,67,39,15,2470,36,25,0,55,3,,
Sudan,,,,,,,,,,,,,,,,,,,,,,,,,,,,,,,,,,,,,,,,,1500,0,0,33,0,0,0,0,0,0,0,0,0,0,0,0,0,0,0,0,0,0,0,0,0,124,0,0,0,0,0,0,0,0,0,0,150,0,34,0,0,0,0,150k,0,0,60,155,2890,100,190,12,0,24,30,30,1040,70,3380,444,236,53,223,288,170,743,1190,734,141,31,121,259,307,310,100,36,206,682,69,125,173,52,
Senegal,,,,,,,,,,,0,0,0,0,0,0,0,0,0,0,0,0,0,0,0,0,0,0,0,0,0,0,0,0,0,0,0,0,0,0,0,0,0,0,0,0,0,0,0,0,0,0,0,0,0,0,0,0,0,0,0,0,0,0,0,60,0,0,0,0,0,0,0,0,0,0,0,0,5,0,0,0,0,0,0,300,0,0,0,0,0,0,131,0,0,188,0,20,390,187,13,18,1270,38,68,303,126,64,34,6,2,15,52,49,0,13,5,105,0,16,162,,
Singapore,,,,,,,,,,,,,,,,,,,,,,,,,,,,,,,,,,,,,,,,,,,,,,,,,,,,,,,,,,,,,,,,,,,,,,,,,,,,,,,,,,,,,,,24,0,0,0,0,0,3,0,0,0,0,0,1,0,2,0,33,0,0,0,0,0,0,0,0,0,0,0,0,0,0,10,,,,,
Solomon Islands,,,,,,,,,,,,,,,,,,,,,,,,,,,,,,,,50,0,0,0,0,0,0,0,0,0,0,0,0,0,0,0,0,0,0,0,0,0,0,0,0,200,0,0,0,0,0,0,0,0,0,3,12,1,0,0,0,0,0,0,200,0,52,0,2,0,0,0,0,0,0,101,0,1,0,0,33,0,4,0,0,0,0,0,0,0,0,0,0,0,0,0,52,0,21,2,0,0,18,47,9,0,0,0,0,28,,
Sierra Leone,,,,,,,,,,,,,,,,,,,,,,,,,,,,,,,,,,,,,,,,,,,,,,,,,,,,,,,,,,,,,,,,,,,,,,,,,,,,1,0,0,0,0,0,0,0,50,60,352,0,62,0,0,0,0,100,0,0,50,518,121,125,366,188,12,0,10,90,20,11,190,170,257,16,41,300,18,3970,10,0,1100,11,7,0,101,
El Salvador,,,,,,,,,,,,,,,,,,,,,,,,,,,,,,,,,,,2000,0,400,0,0,0,0,0,0,0,0,0,0,0,0,0,0,1100,0,0,0,0,0,0,0,0,0,0,0,0,0,125,0,0,0,14,0,0,0,0,0,0,0,0,0,0,0,0,520,0,0,0,1140,0,55,10,33,155,2,22,0,78,12,4,475,53,87,1160,29,304,68,120,1,2,43,282,44,35,0,0,4,13,0,10,4,6,86,5,
Somalia,,,,,,,,,,,,,,,,,,,,,,,,,,,,,,,,,,,,,,,,,,,,,,,,,,,,,,,,,,,,,,200,0,0,50,0,0,0,0,0,0,0,0,19k,0,0,0,0,0,0,0,5,0,0,0,1260,1310,600,0,64,0,130,50,0,230,20,250,2810,481,48,688,163,194,1,416,227,258,1180,13,15,20k,0,86,169,0,0,612,302,58,23,41,25,
Serbia,,,,,,,,,,,,,,,,,,,,,,,,,,,,,,,,,,,,,,,,,,,,,,,,,,,,,,,,,,,,,,,,,,,,,,,,,,,,,,,,,,,,,,,,,,,,,,,,,,,,,,,,,,,,0,0,0,9,0,25,0,56,0,0,6,0,0,0,0,
South Sudan,,,,,,,,,,,,,,,,,,,,,,,,,,,,,,,,,,,,,,,,,,,,,,,,,,,,,,,,,,,,,,,,,,,,,,,,,,,,,,,,,,,,,,,,,,,,,,,,,,,,,,,,,,,,,17,0,0,0,47,99,205,291,83,0,20,60,0,17,
Sao Tome and Principe,,,,,,,,,,,,,,,,,,,,,,,,,,,,,,,,,,,,,,,,,,,,,,,,,,,,,,,,,,,,,,,,,,,,,,,,,,,,,,,,,,,,0,0,0,150,0,0,31,0,0,0,0,0,0,0,0,0,0,0,0,0,0,0,25,0,13,20,0,0,0,0,0,0,0,0,0,0,0,0,8,
Suriname,,,,,,,,,,,,,,,,,,,,,,,,,,,,,,,,,,,,,,,,,,,,,,,,,,,,,,,,,,,,,,,,,,,,,,0,0,0,0,0,0,0,0,0,0,0,0,0,0,0,0,0,0,0,0,169,0,0,0,0,0,0,0,0,0,0,0,10,0,0,0,0,3,0,22,0,0,0,0,0,0,0,0,0,0,0,0,0,
Slovak Republic,,,,,,,,,,,,,,,,,,,,,,,,,,,,,,,,,,,,,,,,,,,,,,,,,,,,,,,,,,,,,,,,,,,,,,,,,,,,,,,,,,,,,,,,,,,,,,,,11,0,0,54,2,6,1,0,11,3,1,1,12,0,32,126,0,5,1,0,0,0,0,0,25,1,1,
Slovenia,,,,,,,,,,,,,,,,,,,,,,,,,,,,,,,,,,,,,,,,,,,,,,,,,,,,,,,,,,,,,,,,,,,,,,,,,,,,,,,,,,,,,,,,,,,,,,,,0,0,0,0,0,0,0,0,289,1,0,0,6,13,0,0,0,0,0,4,0,0,0,0,0,1,0,
Sweden,,,,,,,,,,,,,,,,,,,,,,,,,,,,,,,,,,,,,,,,,,,,13,10,0,0,0,0,0,0,0,0,0,0,0,0,0,0,0,0,0,0,0,0,0,0,0,0,0,0,0,0,0,0,0,0,13,0,0,0,0,0,0,0,11,0,7,0,16,0,0,13,0,0,0,0,0,63,3,0,0,1,0,0,7,0,0,0,0,0,0,0,7,0,0,0,0,0,0,1,0,
Eswatini,,,,,,,,,,,,,,,,,,,,,,,,,,,,,,,,,,,,,,,,,,,,,,,,,,,,,,,,,,,,,,,,,,,,,,,,,,,,,,,,,,500,0,0,53,0,0,0,0,0,0,0,30,0,0,0,80,0,0,0,32,30,0,0,22,0,1,2,0,0,0,0,0,0,11,12,0,0,0,0,0,0,
Seychelles,,,,,,,,,,,,,,,,,,,,,,,,,,,,,,,,,,,,,,,,,,,,,,,,,,,,,,,,,,,,,,,,,,,,,,,,,,,,,,,,,,,,,,,,,,,,,,,,0,0,5,0,0,0,0,0,0,3,0,0,0,0,0,0,0,0,0,0,0,0,,,,,,
Syria,,,,,,,,,,,,,,,,,,,,,,,,,,,,,,,,,,,,,,,,,,,,,,,,,,,,,,,,,,,,,,,,,,54,0,0,0,0,0,0,0,0,0,0,0,88,0,0,0,0,0,0,0,0,0,0,0,0,0,0,0,0,46,0,0,0,37,62,10,54,113,0,28,62,28,46,0,22,0,25,0,0,0,70,0,0,0,44,35,1,1
Chad,,,,,,,,,,,0,0,0,0,0,0,0,0,0,0,0,0,0,0,0,0,0,0,0,0,0,0,0,0,0,0,0,0,0,0,0,0,0,0,0,0,0,0,0,0,0,0,0,0,0,0,0,0,0,0,0,0,0,0,0,0,0,0,0,0,0,2310,0,0,0,0,0,13,0,0,3000,0,0,0,0,0,0,0,487,0,0,1300,0,0,0,2,94,239,0,0,1210,242,0,11,174,129,72,29,22,108,263,557,108,0,0,0,0,58,90,52,3,32,
Togo,,,,,,,,,,,,,,,,,,,,,,,,,,,,,,,,,,,,,,,,,,,,,,,,,,,,,,,,,,,,,,,,,,150,0,0,0,0,0,0,0,0,0,0,0,0,0,0,0,0,0,0,0,0,0,0,50,0,0,0,0,0,0,3,360,0,239,0,0,235,95,40,0,0,0,71,12,19,96,36,0,7,76,24,0,0,11,0,11,,
Thailand,,,,,,,,,,,,,,,,,,,,,,,,,,,,,,,,,,,,,,,,,,,,,,,,,,,,,,,,,,,,,,,769,0,0,0,6,0,0,0,0,0,0,0,0,239,0,100,146,100,95,55,7,80,17,18,42,256,840,592,287,555,160,401,353,306,112,373,101,57,304,282,217,16,8440,113,280,213,71,98,260,935,12,204,178,16,128,150,93,26,62,17,
Tajikistan,,,,,,,,,,,,90,0,0,0,0,0,0,0,0,0,0,0,0,0,0,0,0,0,0,175,0,0,0,0,0,0,0,0,0,0,0,0,0,0,0,0,0,0,0,0,0,0,0,0,0,0,0,0,0,0,0,0,0,0,0,0,0,0,0,0,0,0,0,0,0,0,0,0,0,0,0,0,0,0,0,0,0,0,0,0,0,1600,117,0,0,0,208,83,30,0,1,35,7,0,45,43,49,0,21,121,0,3,0,20,12,4,13,6,4,2,24,
Turkmenistan,,,,,,,,,,,,,,,,,,,,,,,,,,,,,,,,,,,,,,,,,,,,,,,,,,,,,,,,,,,,,,,,,,,,,,,,,,,,,,,,,,,,,,,,,,,,,,0,0,0,0,0,40,0,11,0,0,0,0,0,0,0,0,0,0,15,,,,,,,,,,,
Timor-Leste,,,,,,,,,,,,,,,,,,,,,,,,,,,,,,,,,,,,,,,,,,,,,,,,,,,,,,,,,,,,,,,,,,,,,,,,,,,,,,,,,,,,,,,,,,,,,,,,,,,,,,1,0,3,0,22,0,1,0,0,0,0,0,0,2,0,0,0,0,0,3,41,
Tonga,,,,,,,,,,,,,,,,,,,,,,,,,,,,,,,,,,,,,,,,,,,,,,,0,0,0,0,0,0,0,0,0,0,0,0,0,0,0,2,0,0,0,0,0,0,0,0,0,0,0,3,0,0,0,1,0,0,0,0,7,0,0,0,0,0,0,0,1,0,0,0,0,0,0,0,0,0,0,0,0,0,0,0,0,0,0,84,0,0,0,0,1,0,0,0,0,0,0,0,3
Trinidad and Tobago,,,,,,,,,,,,,,,,,,,,,,,,,,,,,,,,,,13,0,0,0,0,0,0,0,0,0,0,0,0,0,0,0,0,0,0,0,0,0,0,0,0,0,0,0,0,0,24,0,0,0,0,0,0,0,0,0,0,2,0,0,0,0,26,0,0,0,0,0,0,0,0,6,0,0,0,0,5,0,0,0,0,0,0,0,0,0,0,3,0,0,0,0,0,0,0,0,0,0,0,0,0,0,,,,
Tunisia,,,,,,,,,,,,,,,,,,,,,,,,,,,,,,,,,,,,,,,,,,,,,,,,,,,,,,,,,,13,0,0,0,0,40,0,49,0,0,0,0,540,0,0,0,111,0,0,0,0,3,0,0,0,117,0,0,0,23,0,8,0,57,0,0,0,21,0,0,0,0,0,13,0,27,250,93,0,17,16,20,110,0,150,0,0,11,18,0,46,100,106,107,166,
Turkey,140,0,0,6260,0,0,0,0,0,0,0,0,923,0,4000,0,0,0,0,0,0,0,200,0,110,203,0,0,50,0,0,0,0,0,120,540,0,0,149,33k,53,445,3030,5140,4010,600,852,0,332,320,20,54,217,1240,2000,0,138,152,0,0,0,0,0,95,42,461,2430,390,269,53,1090,935,30,0,33,2390,3910,30,32,136,212,36,0,1490,6,59,63,41,105,29,188,167,1290,266,244,293,46,111,330,18k,106,155,174,518,344,68,192,193,88,81,146,700,183,35,410,140,160,75,86,46,349,102,
Tuvalu,,,,,,,,,,,,,,,,,,,,,,,,,,,,,,,,,,,,,,,,,,,,,,,,,,,,,,,,,,,,,,,,,,,,,,,,,6,0,0,0,0,0,0,0,0,0,0,0,0,0,0,0,0,0,0,0,0,0,0,0,0,0,0,0,18,0,0,0,0,0,0,0,0,0,0,0,0,0,0,0,0,0,0,0,0,0,
Taiwan,,,,,148,0,1270,0,0,9,60,1000,0,0,0,0,181,54,0,0,0,0,5,0,1000,0,0,0,0,0,4,0,0,0,0,6020,10,0,0,0,0,319,0,0,0,0,58,0,0,0,0,185,0,67,0,0,0,0,31,1060,199,106,107,15,107,55,36,69,0,269,0,0,0,0,0,0,0,106,0,0,0,164,0,82,234,0,131,82,0,118,155,76,31,85,45,76,153,70,287,2270,185,196,274,33,79,53,8,44,54,630,34,0,32,10,80,61,238,38,109,2,1,115,
Tanzania,,,,,,,,,,,,,,,,,,,,,,,,,,,,,,,,,,,,,,,,,,,,,,,,,,,,,,,,,,,,,,,,,4,0,0,0,40,0,0,0,0,0,25,0,0,500,0,0,12,0,0,183,33,10,0,90,0,30,389,687,2260,54,83,3,902,2550,2620,201,135,111,506,89,21,25,255,220,104,169,66,319,154,84,31,723,33,52,304,150,65,46,24
Uganda,,200k,0,0,0,0,0,0,0,0,0,0,0,0,0,0,0,0,0,0,0,0,0,0,0,0,0,0,0,0,0,0,0,0,0,2000,0,0,0,0,0,0,0,0,0,0,0,0,0,0,0,0,0,0,0,0,0,0,0,0,0,0,0,0,0,0,104,0,0,0,0,0,0,0,0,0,0,0,0,0,0,0,3,0,0,0,27,171,0,156,220,100,124,30,91,0,70,120,30,302,439,69,281,176,154,65,286,232,126,28,501,69,203,72,308,31,69,34,250,257,61,37,
Ukraine,,,,,,,,,,,,,,,,,,,,,,,,,,,,,,,,,,,,,,,,,,,,,,,,,,,,,,,,,,,,,,,,,,,,,,,,,,,,,,,,,,,,,,,,,,,,32,57,9,122,204,30,27,109,49,90,84,136,17,66,814,184,147,135,40,67,54,209,2,12,66,57,37,10,44,45,16,
Uruguay,,,,,,,,,,,,,,,,,,,,,,,,,,,,,,,,,,,,,,,,,,,,,,,,,,,,,,,,,,,,,,,,,,,,8,0,0,0,8,0,0,0,0,0,0,0,0,0,0,0,0,0,0,0,0,0,0,0,0,20,0,0,0,0,75,1,14,7,0,2,0,0,18,0,2,0,1,16,0,0,0,0,12,8,0,0,0,0,,
United States,6300,0,115,950,1100,0,2190,0,352,463,30,225,0,732,0,1340,30,0,1270,500,224,0,34,0,0,779,268,333,2240,14,333,0,372,166,137,418,1900,180,841,13,311,134,592,176,750,196,456,869,97,95,415,205,293,489,326,546,325,541,232,99,111,162,158,442,450,577,552,275,159,830,134,248,1320,214,386,246,432,552,599,214,1480,86,667,332,545,387,200,535,85,603,430,302,157,714,546,920,764,345,366,844,299,517,508,434,240,2070,398,382,383,221,197,833,318,230,217,347,347,366,327,240,253,931,19
Uzbekistan,,,,,,,,,,,,,,,,,,,,,,,,,,,,,,,,,,,,,,,,,,,,,,,,,,,,,,,,,,,,,,,,,,,,,,,,,,,,,,,,,,,,,,,,,,,,,10,0,0,0,0,0,135,36,0,0,0,0,37,0,15,0,8,0,0,13,0,0,0,0,0,0,0,0,4,8,
St. Vincent and the Grenadines,,,1570,0,0,0,0,0,0,0,0,0,0,0,0,0,0,0,0,0,0,0,0,0,0,0,0,0,0,0,0,0,0,0,0,0,0,0,0,0,0,0,0,0,0,0,0,0,0,0,0,0,0,0,0,122,0,0,0,0,0,0,0,0,0,0,0,2,0,0,0,0,0,0,0,0,0,0,0,2,0,0,0,0,0,0,0,0,0,0,0,0,3,0,0,0,0,0,0,0,0,0,4,0,0,0,0,0,0,0,0,0,0,12,0,0,1,0,0,0,8,0,
Venezuela,,,,,,,,,,,,,,,,,,,,,,,,,,,,,,,,,,,,,,,,500,0,0,0,0,0,0,0,0,0,0,100,0,0,0,0,0,22,0,0,0,0,0,30,0,0,0,0,240,0,155,0,1,0,0,0,0,0,0,0,0,0,165,150,0,0,38,3,226,77,37,99,160,67,171,74,0,30,99,29,30k,15,37,54,37,81,331,0,29,79,18,65,31,48,16,0,17,11,0,19,78,31,46,
Vietnam,,,,,,,,,,,,,,,,,,,,,,,,,,,,,,,,,,,,,,,,,,,,,,,,,,,,,,1000,0,0,56,0,0,0,0,0,0,0,8000,0,31,3,0,0,237,112,0,100,0,172,0,0,74,0,402,177,70,734,188,891,600,123,207,1180,384,820,345,379,361,313,1090,3780,722,893,649,462,212,206,281,418,598,448,436,410,285,201,107,249,54,70,202,284,147,59,323,27,
Vanuatu,,,,,,,,,,,,,,,,,,,,,,,,,,,,,,,,,,,,,,,,,0,0,0,0,0,0,0,0,0,0,0,100,0,0,0,0,0,0,0,0,0,0,0,0,0,0,0,0,0,0,0,0,4,0,0,0,0,0,0,0,0,0,0,0,0,9,0,48,1,12,0,0,2,4,0,0,0,0,0,44,0,2,0,0,2,0,0,0,0,0,0,0,0,0,12,11,0,0,0,0,5,,
Samoa,,,,,,,,,,,,,,,,,,,,,,,,,,,,,,,,,,,,,,,,,,,,,,,,,,,,,,,,,,,,,,,,,250,0,10,0,0,0,0,0,0,0,0,0,0,0,0,0,0,0,0,0,0,0,0,0,0,0,8,13,0,0,0,0,0,0,0,0,0,0,0,0,1,9,0,0,0,148,0,0,12,0,0,0,0,0,0,39,,,
Yemen,,,,,,,,,,,,,,,,,,,,,,,,,,,,,,,,,,,,,,,,,,1200,0,0,0,0,0,0,0,0,0,0,0,0,0,0,0,0,0,0,0,0,0,0,0,0,0,0,0,0,0,0,0,60,3,0,0,0,0,0,0,0,482,0,0,0,0,0,0,25,0,10,147,31,0,131,383,0,250,10,46,98,53,153,41,87,40,293,133,158,83,279,15,76,173,64,111,106,111,958,65,67,
South Africa,,,,,,,,,,,,,,,,,,,,,,,,,,,,,,,,,,,,,,,,,,20,0,0,0,0,0,0,0,0,0,0,35,0,0,0,0,0,0,51,417,0,0,0,0,90,0,0,0,26,0,0,0,0,26,0,0,4,38,0,0,104,0,83,64,0,245,749,105,181,59,45,75,120,294,341,203,81,181,306,418,206,262,143,63,112,140,198,244,94,139,156,100,141,43,113,24,51,46,120,38,41,16
Zambia,,,,,,,,,,,,,,,,,,,,,,,,,,,,,,,,,,,,,,,,,,,,,,,,,,,,,,,,,,,,,,,,,,,,,,,89,0,0,0,0,0,0,0,11,0,0,0,51,0,0,0,0,400,0,0,114,0,0,0,0,0,116,0,0,480,163,129,0,252,2,132,5,34,194,118,9,89,47,53,26,34,24,89,20,24,3,19,
Zimbabwe,,,,,,,,,,,,,,,,,,,,,,,,,,,,,,,,,,,,,,,,,,,,,,,,,,,,,,,,,,,,,,,,,,,,,,,,,,,,11,0,0,0,0,0,0,60,31,0,0,0,0,0,111,0,87,258,0,0,35,1310,0,98,67,210,13,78,138,21,119,51,140,4290,117,26,119,15,146,25,34,61,315,101,719,0,3,0
